{
    "average_root_mean_square": [
        {
            "chunk_length": 1,
            "average": 2992.7370170617455
        },
        {
            "chunk_length": 100,
            "average": 3228.2671670842524
        },
        {
            "chunk_length": 1000,
            "average": 3841.2458095850793
        },
        {
            "chunk_length": 5000,
            "average": 4679.869770845195
        }
    ]
}
